supplier_id,supplier_name
SUP-00001,Shawn Durham
SUP-00002,Mark Ortega
SUP-00003,Christopher Lopez
SUP-00004,Ryan Peters
SUP-00005,Cassandra Wilson
SUP-00006,Austin Lee
SUP-00007,Wayne Smith
SUP-00008,Christopher Johnson
SUP-00009,Alexandra Dawson
SUP-00010,Barbara Sanders
SUP-00011,Vincent Howard
SUP-00012,Nicholas Hatfield
SUP-00013,Virginia Brooks
SUP-00014,Amy Roberts
SUP-00015,Mr. Justin Woodard
SUP-00016,Kimberly Hernandez
SUP-00017,Andrew Church
SUP-00018,Jon Dean
SUP-00019,Connor Wallace
SUP-00020,Maria Moody
SUP-00021,Deborah Romero MD
SUP-00022,Lance Fitzpatrick
SUP-00023,William Olson
SUP-00024,Ronald Lopez
SUP-00025,Thomas Lee
SUP-00026,Dennis Willis
SUP-00027,Jennifer Knight
SUP-00028,David Brooks
SUP-00029,Nancy Brady
SUP-00030,Andrea Rivera
SUP-00031,Dana Solomon
SUP-00032,Victoria Bennett
SUP-00033,Janice Jenkins
SUP-00034,Catherine Kim
SUP-00035,Calvin Palmer
SUP-00036,Jack Moore
SUP-00037,Karla Donovan
SUP-00038,Holly Kelley
SUP-00039,Amanda Lynn
SUP-00040,Danny Olson
SUP-00041,Matthew Haynes
SUP-00042,John Greene
SUP-00043,David Friedman
SUP-00044,Arthur Gross
SUP-00045,Amy Kennedy
SUP-00046,Tracy Stanton
SUP-00047,Jennifer Morrow
SUP-00048,Joshua Diaz
SUP-00049,Shannon Walters
SUP-00050,Danny Brown
SUP-00051,Diane Knight
SUP-00052,Cheryl Luna
SUP-00053,William Leblanc
SUP-00054,Valerie Bowman
SUP-00055,Heather Mcfarland
SUP-00056,Joseph Campbell
SUP-00057,Heidi Garrison
SUP-00058,Isaac Webster
SUP-00059,Kyle Walker
SUP-00060,Brandy Lee
SUP-00061,Patrick Hicks
SUP-00062,Shannon Smith
SUP-00063,Julie Brooks
SUP-00064,Richard Acosta
SUP-00065,Susan Herrera
SUP-00066,Sherri Perez
SUP-00067,Jared Hernandez
SUP-00068,William Gonzalez
SUP-00069,Heidi Lawrence
SUP-00070,Catherine Evans
SUP-00071,Jason Hamilton
SUP-00072,Tina Goodman
SUP-00073,Jason Bright
SUP-00074,Garrett Cowan
SUP-00075,Timothy Clarke
SUP-00076,Taylor Rodriguez
SUP-00077,Carol Ramirez
SUP-00078,Julia Gilmore
SUP-00079,Albert Gonzalez
SUP-00080,Amy Payne
SUP-00081,Katelyn Mann
SUP-00082,Dana Hernandez
SUP-00083,Dennis Sawyer
SUP-00084,Jennifer Warner
SUP-00085,Samantha Garcia
SUP-00086,William Morrow
SUP-00087,Kathryn Taylor
SUP-00088,Peter Fuller
SUP-00089,Teresa Mann
SUP-00090,Edgar Mueller
SUP-00091,Yvette Brown
SUP-00092,Joshua Fitzpatrick
SUP-00093,Nicole Jones
SUP-00094,Mary Reeves
SUP-00095,Tyler Arias
SUP-00096,Patricia Vasquez
SUP-00097,Ms. Sarah Bell MD
SUP-00098,Melvin Miles
SUP-00099,Christopher Stephens
SUP-00100,Gloria Barrett
SUP-00101,Courtney Walker
SUP-00102,Karen Bailey
SUP-00103,Tina Luna
SUP-00104,Dustin Macdonald
SUP-00105,Kristen Mitchell
SUP-00106,Jennifer Hensley
SUP-00107,Amanda Thompson
SUP-00108,Wayne Smith
SUP-00109,Laura Williams
SUP-00110,Natasha Garcia
SUP-00111,Kevin Roberts
SUP-00112,Jeffrey Parsons
SUP-00113,Christina Davis
SUP-00114,Mr. Steven Mcdonald
SUP-00115,Yolanda Sherman
SUP-00116,Richard Smith
SUP-00117,Austin Sanchez
SUP-00118,Kevin Harper
SUP-00119,Melissa Johnson
SUP-00120,James Kirby
SUP-00121,Lindsay Torres
SUP-00122,Tiffany Benson
SUP-00123,Martin Francis
SUP-00124,Amber Harvey
SUP-00125,Steven Johnson
SUP-00126,Kevin Flores
SUP-00127,Lisa Kim
SUP-00128,Tiffany Rice
SUP-00129,Karen Fuller
SUP-00130,William Williams
SUP-00131,James Joseph
SUP-00132,Joseph Fields
SUP-00133,Kelly Lawson
SUP-00134,Eugene Atkins
SUP-00135,Debra Cole
SUP-00136,Nathan Ponce
SUP-00137,Marco Krueger
SUP-00138,Dana Johnston
SUP-00139,John Oliver
SUP-00140,Casey Shaffer
SUP-00141,Amy Gallegos
SUP-00142,Alyssa Roth
SUP-00143,Stephen Boyer
SUP-00144,Dean Anderson
SUP-00145,Joseph Garcia
SUP-00146,Victoria Barnes
SUP-00147,Travis Roberts
SUP-00148,Donna Ingram
SUP-00149,Judy White
SUP-00150,Jacqueline Haney
SUP-00151,Christian Torres
SUP-00152,Kristin Payne
SUP-00153,Jeremy Kelley
SUP-00154,Travis Russo
SUP-00155,Francisco Hoffman
SUP-00156,Mr. Brandon Collier
